{
    "layouts": {
        "keymap":
        [
            ["0,0"],
            [{"r":3,"rx":1.525,"ry":0.527,"x":-0.5,"y":-0.5},"0,1"],
            [{"r":12,"rx":2.592,"ry":0.667,"x":-0.5,"y":-0.5},"0,2"],
            [{"r":21,"rx":3.623,"ry":0.973,"x":-0.5,"y":-0.5},"0,3"],
            [{"r":25,"rx":4.575,"ry":1.377,"x":-0.5,"y":-0.5},"0,4"],
            [{"rx":5.27,"ry":2.253,"x":-0.5,"y":-0.5000000000000002},"0,5"],
            [{"r":-25,"rx":7.116,"x":-0.5,"y":-0.5000000000000002},"0,9"],
            [{"rx":7.811,"ry":1.377,"x":-0.5,"y":-0.5},"0,10"],
            [{"r":-21,"rx":8.763,"ry":0.973,"x":-0.5,"y":-0.5},"0,11"],
            [{"r":-12,"rx":9.794,"ry":0.667,"x":-0.5,"y":-0.5},"0,12"],
            [{"r":-3,"rx":10.86,"ry":0.527,"x":-0.5,"y":-0.5},"0,13"],
            [{"r":0,"rx":0,"ry":0,"x":11.385},"0,14","0,15","0,16","0,17"],
            ["1,1"],
            [{"r":7,"rx":1.833,"ry":1.577,"x":-0.5,"y":-0.5},"1,2"],
            [{"r":19,"rx":3.16,"ry":1.881,"x":-0.5,"y":-0.5},"1,3"],
            [{"r":25,"rx":4.152,"ry":2.283,"x":-0.5,"y":-0.5},"1,4"],
            [{"rx":4.847,"ry":3.159,"x":-0.5,"y":-0.5},"1,5"],
            [{"r":-25,"rx":7.538,"x":-0.5,"y":-0.5},"1,9"],
            [{"rx":8.233,"ry":2.283,"x":-0.5000000000000009,"y":-0.5},"1,10"],
            [{"r":-19,"rx":9.226,"ry":1.881,"x":-0.5,"y":-0.5},"1,11"],
            [{"r":-7,"rx":10.552,"ry":1.577,"x":-0.5,"y":-0.5},"1,12"],
            [{"r":0,"rx":0,"ry":0,"x":11.385,"y":1},"1,14","1,15","1,16","1,17"],
            ["2,1"],
            [{"r":7,"rx":1.594,"ry":2.57,"x":-0.5,"y":-0.5},"2,2"],
            [{"r":16,"rx":2.686,"ry":2.796,"x":-0.5,"y":-0.5},"2,3"],
            [{"r":25,"rx":3.73,"ry":3.189,"x":-0.5,"y":-0.5},"2,4"],
            [{"rx":4.425,"ry":4.065,"x":-0.5,"y":-0.5000000000000004},"2,5"],
            [{"r":-25,"rx":7.961,"x":-0.5,"y":-0.5000000000000004},"2,9"],
            [{"rx":8.656,"ry":3.189,"x":-0.5,"y":-0.5},"2,10"],
            [{"r":-16,"rx":9.699,"ry":2.796,"x":-0.5,"y":-0.5},"2,11"],
            [{"r":-7,"rx":10.792,"ry":2.57,"x":-0.5,"y":-0.5},"2,12"],
            [{"r":0,"rx":0,"ry":0,"x":11.385,"y":2},"2,14","2,15","2,16","2,17"],
            ["3,1"],
            [{"r":35,"rx":5.363,"ry":4.607,"x":-0.5,"y":-0.5},"3,6"],
            [{"r":-45,"rx":6.193,"ry":5.303,"x":-0.5,"y":-0.5},"3,7"],
            [{"r":-35,"rx":7.023,"ry":4.607,"x":-0.5,"y":-0.5},"3,8"],
            [{"r":-11.5,"rx":9.767,"ry":5.384,"x":-0.5,"y":-0.5},"3,9"],
            [{"rx":10.747,"ry":5.185,"x":-0.5,"y":-0.5},"3,10"],
            [{"rx":10.547,"ry":4.205,"x":-0.5,"y":-0.5},"3,11"],
            [{"rx":11.727,"ry":4.986,"x":-0.5,"y":-0.5},"3,12"],
            [{"r":0,"rx":0,"ry":0,"x":11.385,"y":3},"3,14","3,15"],
            [{"x":13.885,"y":-0.8500000000000001},"3,17"]
        ]
    },
    "lighting": "none",
    "matrix": {
        "cols": 13,
        "rows": 13
    },
    "name": "Slump52"
}
