{
    "layouts": {
        "keymap":
        [
            [{"r":10,"rx":0.82,"ry":0.87,"x":-0.49999999999999994,"y":-0.5},"0,0"],
            [{"rx":1.9,"ry":0.55,"x":-0.5,"y":-0.5},"0,1"],
            [{"r":18,"rx":3.26,"ry":0.5,"x":-0.5,"y":-0.5},"0,2"],
            [{"r":22,"rx":4.19,"ry":1.34,"x":-0.5000000000000004,"y":-0.5000000000000001},"0,3"],
            [{"rx":4.95,"ry":2.19,"x":-0.5,"y":-0.5},"0,4"],
            [{"r":-22,"rx":7.5,"x":-0.5,"y":-0.5},"5,0"],
            [{"rx":8.26,"ry":1.34,"x":-0.5,"y":-0.5000000000000001},"5,1"],
            [{"r":-18,"rx":9.2,"ry":0.5,"x":-0.5,"y":-0.5},"5,2"],
            [{"r":-10,"rx":10.55,"ry":0.55,"x":-0.5,"y":-0.5},"5,3"],
            [{"rx":11.63,"ry":0.87,"x":-0.5,"y":-0.5},"5,4"],
            [{"r":0,"rx":0,"ry":0,"y":1.65},"1,0"],
            [{"r":10,"rx":1.74,"ry":1.53,"x":-0.5,"y":-0.5},"1,1"],
            [{"r":18,"rx":2.96,"ry":1.45,"x":-0.5,"y":-0.5},"1,2"],
            [{"r":22,"rx":3.84,"ry":2.27,"x":-0.5,"y":-0.5},"1,3"],
            [{"rx":4.6,"ry":3.12,"x":-0.5,"y":-0.5},"1,4"],
            [{"r":-22,"rx":7.85,"x":-0.5,"y":-0.5},"6,0"],
            [{"rx":8.61,"ry":2.27,"x":-0.5,"y":-0.5},"6,1"],
            [{"r":-18,"rx":9.49,"ry":1.45,"x":-0.5,"y":-0.5},"6,2"],
            [{"r":-10,"rx":10.72,"ry":1.53,"x":-0.5,"y":-0.5},"6,3"],
            [{"r":0,"rx":0,"ry":0,"x":11.45,"y":1.65},"6,4"],
            ["2,0"],
            [{"r":10,"rx":1.57,"ry":2.52,"x":-0.5,"y":-0.5},"2,1"],
            [{"r":18,"rx":2.67,"ry":2.4,"x":-0.5,"y":-0.5},"2,2"],
            [{"r":22,"rx":3.49,"ry":3.2,"x":-0.5,"y":-0.5},"2,3"],
            [{"r":37,"rx":3.98,"ry":4.51,"x":-0.5,"y":-0.5},"2,4"],
            [{"r":-37,"rx":8.47,"x":-0.5000000000000009,"y":-0.5},"7,0"],
            [{"r":-22,"rx":8.96,"ry":3.2,"x":-0.5,"y":-0.5},"7,1"],
            [{"r":-18,"rx":9.78,"ry":2.4,"x":-0.5,"y":-0.5},"7,2"],
            [{"r":-10,"rx":10.88,"ry":2.52,"x":-0.5,"y":-0.5},"7,3"],
            [{"r":0,"rx":0,"ry":0,"x":11.45,"y":2.65},"7,4"],
            [{"x":1.25,"y":1.4,"w":0.9,"h":0.9,"w2":1,"h2":1},"3,0"],
            [{"x":0.35,"y":-1.8999999999999995,"w":0.9,"h":0.9,"w2":1,"h2":1},"3,1",{"w":0.9,"h":0.9,"w2":1,"h2":1},"3,2",{"w":0.9,"h":0.9,"w2":1,"h2":1},"3,3"],
            [{"x":1.25,"y":-1.9000000000000004,"w":0.9,"h":0.9,"w2":1,"h2":1},"3,4",{"x":8.1,"w":0.9,"h":0.9,"w2":1,"h2":1},"8,0"],
            [{"x":9.35,"y":-0.09999999999999964,"w":0.9,"h":0.9,"w2":1,"h2":1},"8,1",{"w":0.9,"h":0.9,"w2":1,"h2":1},"8,2",{"w":0.9,"h":0.9,"w2":1,"h2":1},"8,3"],
            [{"x":10.25,"y":-0.10000000000000053,"w":0.9,"h":0.9,"w2":1,"h2":1},"8,4"],
            [{"r":37,"rx":4.78,"ry":5.14,"x":-0.5,"y":-0.5},"4,4"],
            [{"r":-37,"rx":7.67,"x":-0.5,"y":-0.5299999999999994},"9,0"]
        ]
    },
    "lighting": "none",
    "matrix": {
        "cols": 8,
        "rows": 18
    },
    "name": "Bivvy16D"
}
