{
    "layouts": {
        "keymap":
            [
                [{"y":0.49},"0,0"],
                [{"r":10,"rx":1.9,"ry":0.55,"x":-0.5,"y":-0.5},"3,1"],
                [{"r":18,"rx":3.26,"ry":0.5,"x":-0.5,"y":-0.5},"6,2"],
                [{"r":22,"rx":4.19,"ry":1.34,"x":-0.5000000000000004,"y":-0.5000000000000001},"6,3"],
                [{"rx":5.04,"ry":1.96,"x":-0.5,"y":-0.5},"10,4"],
                [{"r":-22,"rx":7.81,"x":-0.5,"y":-0.5},"10,8"],
                [{"rx":8.65,"ry":1.34,"x":-0.5,"y":-0.5000000000000001},"3,9"],
                [{"r":-18,"rx":9.59,"ry":0.5,"x":-0.5,"y":-0.5},"6,10"],
                [{"r":-10,"rx":10.95,"ry":0.55,"x":-0.5,"y":-0.5},"10,11"],
                [{"r":0,"rx":0,"ry":0,"x":11.85,"y":0.49},"1,12"],
                ["1,0"],
                [{"r":10,"rx":1.74,"ry":1.53,"x":-0.5,"y":-0.5},"4,1"],
                [{"r":18,"rx":2.96,"ry":1.45,"x":-0.5,"y":-0.5},"7,2"],
                [{"r":22,"rx":3.84,"ry":2.27,"x":-0.5,"y":-0.5},"8,3"],
                [{"rx":4.68,"ry":2.89,"x":-0.5,"y":-0.5},"9,4"],
                [{"r":-22,"rx":8.17,"x":-0.5,"y":-0.5},"11,8"],
                [{"rx":9.01,"ry":2.27,"x":-0.5,"y":-0.5},"0,9"],
                [{"r":-18,"rx":9.89,"ry":1.45,"x":-0.5,"y":-0.5},"3,10"],
                [{"r":-10,"rx":11.11,"ry":1.53,"x":-0.5,"y":-0.5},"1,11"],
                [{"r":0,"rx":0,"ry":0,"x":11.85,"y":1.49},"4,12"],
                ["2,0"],
                [{"r":10,"rx":1.57,"ry":2.52,"x":-0.5,"y":-0.5},"5,1"],
                [{"r":18,"rx":2.67,"ry":2.4,"x":-0.5,"y":-0.5},"2,2"],
                [{"r":22,"rx":3.49,"ry":3.2,"x":-0.5,"y":-0.5},"9,3"],
                [{"rx":4.33,"ry":3.82,"x":-0.5,"y":-0.5},"5,4"],
                [{"r":-22,"rx":8.52,"x":-0.5,"y":-0.5},"7,8"],
                [{"rx":9.36,"ry":3.2,"x":-0.5,"y":-0.5},"11,9"],
                [{"r":-18,"rx":10.18,"ry":2.4,"x":-0.5,"y":-0.5},"12,10"],
                [{"r":-10,"rx":11.28,"ry":2.52,"x":-0.5,"y":-0.5},"12,11"],
                [{"r":0,"rx":0,"ry":0,"x":11.85,"y":2.49},"8,12"],
                [{"r":22,"rx":2.56,"ry":4.17,"x":-0.5,"y":-0.5},"2,5"],
                [{"r":37,"rx":3.55,"ry":4.76,"x":-0.5,"y":-0.5},"5,5"],
                [{"r":38,"rx":4.36,"ry":5.59,"x":-0.5000000000000004,"y":-0.5},"9,6"],
                [{"r":-38,"rx":8.49,"x":-0.5,"y":-0.5},"0,6"],
                [{"r":-37,"rx":9.3,"ry":4.76,"x":-0.5,"y":-0.5},"7,7"],
                [{"r":-22,"rx":10.29,"ry":4.17,"x":-0.5,"y":-0.5},"4,7"]
            ]
    },
    "lighting": "none",
    "matrix": {
        "cols": 13,
        "rows": 13
    },
    "name": "TC36K"
}
