{
    "layouts": {
        "keymap":
            [
                [{"y":0.49},"0,0"],
                [{"r":10,"rx":1.9,"ry":0.55,"x":-0.5,"y":-0.5},"0,1"],
                [{"r":18,"rx":3.26,"ry":0.5,"x":-0.5,"y":-0.5},"0,2"],
                [{"r":22,"rx":4.19,"ry":1.34,"x":-0.5000000000000004,"y":-0.5000000000000001},"0,3"],
                [{"rx":5.04,"ry":1.96,"x":-0.5,"y":-0.5},"0,4"],
                [{"r":-22,"rx":7.81,"x":-0.5,"y":-0.5},"0,6"],
                [{"rx":8.65,"ry":1.34,"x":-0.5,"y":-0.5000000000000001},"0,7"],
                [{"r":-18,"rx":9.59,"ry":0.5,"x":-0.5,"y":-0.5},"0,8"],
                [{"r":-10,"rx":10.95,"ry":0.55,"x":-0.5,"y":-0.5},"0,9"],
                [{"r":0,"rx":0,"ry":0,"x":11.85,"y":0.49},"0,10"],
                ["1,0"],
                [{"r":10,"rx":1.74,"ry":1.53,"x":-0.5,"y":-0.5},"1,1"],
                [{"r":18,"rx":2.96,"ry":1.45,"x":-0.5,"y":-0.5},"1,2"],
                [{"r":22,"rx":3.84,"ry":2.27,"x":-0.5,"y":-0.5},"1,3"],
                [{"rx":4.68,"ry":2.89,"x":-0.5,"y":-0.5},"1,4"],
                [{"r":-22,"rx":8.17,"x":-0.5,"y":-0.5},"1,6"],
                [{"rx":9.01,"ry":2.27,"x":-0.5,"y":-0.5},"1,7"],
                [{"r":-18,"rx":9.89,"ry":1.45,"x":-0.5,"y":-0.5},"1,8"],
                [{"r":-10,"rx":11.11,"ry":1.53,"x":-0.5,"y":-0.5},"1,9"],
                [{"r":0,"rx":0,"ry":0,"x":11.85,"y":1.49},"1,10"],
                ["2,0"],
                [{"r":10,"rx":1.57,"ry":2.52,"x":-0.5,"y":-0.5},"2,1"],
                [{"r":18,"rx":2.67,"ry":2.4,"x":-0.5,"y":-0.5},"2,2"],
                [{"r":22,"rx":3.49,"ry":3.2,"x":-0.5,"y":-0.5},"2,3"],
                [{"rx":4.33,"ry":3.82,"x":-0.5,"y":-0.5},"2,4"],
                [{"r":-22,"rx":8.52,"x":-0.5,"y":-0.5},"2,6"],
                [{"rx":9.36,"ry":3.2,"x":-0.5,"y":-0.5},"2,7"],
                [{"r":-18,"rx":10.18,"ry":2.4,"x":-0.5,"y":-0.5},"2,8"],
                [{"r":-10,"rx":11.28,"ry":2.52,"x":-0.5,"y":-0.5},"2,9"],
                [{"r":0,"rx":0,"ry":0,"x":11.85,"y":2.49},"2,10"],
                [{"r":22,"rx":2.56,"ry":4.17,"x":-0.5,"y":-0.5},"3,2"],
                [{"r":37,"rx":3.55,"ry":4.76,"x":-0.5,"y":-0.5},"3,3"],
                [{"r":38,"rx":4.36,"ry":5.59,"x":-0.5000000000000004,"y":-0.5},"3,4"],
                [{"r":-38,"rx":8.49,"x":-0.5,"y":-0.5},"3,6"],
                [{"r":-37,"rx":9.3,"ry":4.76,"x":-0.5,"y":-0.5},"3,7"],
                [{"r":-22,"rx":10.29,"ry":4.17,"x":-0.5,"y":-0.5},"3,8"]
            ]
    },
    "lighting": "none",
    "matrix": {
        "cols": 13,
        "rows": 13
    },
    "name": "TC36K"
}
